{
  "test_timestamp": "2025-09-14T16:20:29.749778",
  "test_cases_count": 6,
  "current_4tier_results": {
    "avg_processing_time": 1.2086705366770427,
    "estimated_f1_score": 0.4,
    "total_processing_time": 7.252023220062256
  },
  "proposed_3tier_results": {
    "avg_processing_time": 1.0873332818349202,
    "estimated_f1_score": 1.8,
    "total_processing_time": 6.5239996910095215
  },
  "performance_comparison": {
    "speed_improvement_percent": 10.038902344365155,
    "f1_score_change": 1.4,
    "time_saved_per_request": 0.12133725484212254,
    "architecture_complexity_reduction": "25% (4 tiers \u2192 3 tiers)"
  }
}